#Pdb,Mutation(s)_cleaned,ddG
7FAE-RBD-Fv_A_H_L,AH53C,1
7FAE-RBD-Fv_A_H_L,AH53D,1
7FAE-RBD-Fv_A_H_L,AH53E,1
7FAE-RBD-Fv_A_H_L,AH53F,-1
7FAE-RBD-Fv_A_H_L,AH53G,1
7FAE-RBD-Fv_A_H_L,AH53H,1
7FAE-RBD-Fv_A_H_L,AH53I,1
7FAE-RBD-Fv_A_H_L,AH53K,1
7FAE-RBD-Fv_A_H_L,AH53L,1
7FAE-RBD-Fv_A_H_L,AH53M,1
7FAE-RBD-Fv_A_H_L,AH53N,1
7FAE-RBD-Fv_A_H_L,AH53P,1
7FAE-RBD-Fv_A_H_L,AH53Q,1
7FAE-RBD-Fv_A_H_L,AH53R,1
7FAE-RBD-Fv_A_H_L,AH53S,1
7FAE-RBD-Fv_A_H_L,AH53T,1
7FAE-RBD-Fv_A_H_L,AH53V,1
7FAE-RBD-Fv_A_H_L,AH53W,1
7FAE-RBD-Fv_A_H_L,AH53Y,1
7FAE-RBD-Fv_A_H_L,DH107A,1
7FAE-RBD-Fv_A_H_L,DH107C,1
7FAE-RBD-Fv_A_H_L,DH107E,1
7FAE-RBD-Fv_A_H_L,DH107F,1
7FAE-RBD-Fv_A_H_L,DH107G,1
7FAE-RBD-Fv_A_H_L,DH107H,1
7FAE-RBD-Fv_A_H_L,DH107I,1
7FAE-RBD-Fv_A_H_L,DH107K,1
7FAE-RBD-Fv_A_H_L,DH107L,1
7FAE-RBD-Fv_A_H_L,DH107M,1
7FAE-RBD-Fv_A_H_L,DH107N,1
7FAE-RBD-Fv_A_H_L,DH107P,1
7FAE-RBD-Fv_A_H_L,DH107Q,1
7FAE-RBD-Fv_A_H_L,DH107R,1
7FAE-RBD-Fv_A_H_L,DH107S,1
7FAE-RBD-Fv_A_H_L,DH107T,1
7FAE-RBD-Fv_A_H_L,DH107V,1
7FAE-RBD-Fv_A_H_L,DH107W,1
7FAE-RBD-Fv_A_H_L,DH107Y,1
7FAE-RBD-Fv_A_H_L,DH110A,1
7FAE-RBD-Fv_A_H_L,DH110C,1
7FAE-RBD-Fv_A_H_L,DH110E,1
7FAE-RBD-Fv_A_H_L,DH110F,1
7FAE-RBD-Fv_A_H_L,DH110G,1
7FAE-RBD-Fv_A_H_L,DH110H,1
7FAE-RBD-Fv_A_H_L,DH110I,1
7FAE-RBD-Fv_A_H_L,DH110K,1
7FAE-RBD-Fv_A_H_L,DH110L,1
7FAE-RBD-Fv_A_H_L,DH110M,1
7FAE-RBD-Fv_A_H_L,DH110N,1
7FAE-RBD-Fv_A_H_L,DH110P,1
7FAE-RBD-Fv_A_H_L,DH110Q,1
7FAE-RBD-Fv_A_H_L,DH110R,1
7FAE-RBD-Fv_A_H_L,DH110S,1
7FAE-RBD-Fv_A_H_L,DH110T,1
7FAE-RBD-Fv_A_H_L,DH110V,1
7FAE-RBD-Fv_A_H_L,DH110W,1
7FAE-RBD-Fv_A_H_L,DH110Y,1
7FAE-RBD-Fv_A_H_L,FH106A,1
7FAE-RBD-Fv_A_H_L,FH106C,1
7FAE-RBD-Fv_A_H_L,FH106D,1
7FAE-RBD-Fv_A_H_L,FH106E,1
7FAE-RBD-Fv_A_H_L,FH106G,1
7FAE-RBD-Fv_A_H_L,FH106H,1
7FAE-RBD-Fv_A_H_L,FH106I,1
7FAE-RBD-Fv_A_H_L,FH106K,1
7FAE-RBD-Fv_A_H_L,FH106L,1
7FAE-RBD-Fv_A_H_L,FH106M,1
7FAE-RBD-Fv_A_H_L,FH106N,1
7FAE-RBD-Fv_A_H_L,FH106P,1
7FAE-RBD-Fv_A_H_L,FH106Q,1
7FAE-RBD-Fv_A_H_L,FH106R,1
7FAE-RBD-Fv_A_H_L,FH106S,1
7FAE-RBD-Fv_A_H_L,FH106T,1
7FAE-RBD-Fv_A_H_L,FH106V,1
7FAE-RBD-Fv_A_H_L,FH106W,1
7FAE-RBD-Fv_A_H_L,FH106Y,1
7FAE-RBD-Fv_A_H_L,FH109A,1
7FAE-RBD-Fv_A_H_L,FH109C,1
7FAE-RBD-Fv_A_H_L,FH109D,1
7FAE-RBD-Fv_A_H_L,FH109E,1
7FAE-RBD-Fv_A_H_L,FH109G,1
7FAE-RBD-Fv_A_H_L,FH109H,1
7FAE-RBD-Fv_A_H_L,FH109I,1
7FAE-RBD-Fv_A_H_L,FH109K,1
7FAE-RBD-Fv_A_H_L,FH109L,1
7FAE-RBD-Fv_A_H_L,FH109M,1
7FAE-RBD-Fv_A_H_L,FH109N,1
7FAE-RBD-Fv_A_H_L,FH109P,1
7FAE-RBD-Fv_A_H_L,FH109Q,1
7FAE-RBD-Fv_A_H_L,FH109R,1
7FAE-RBD-Fv_A_H_L,FH109S,1
7FAE-RBD-Fv_A_H_L,FH109T,1
7FAE-RBD-Fv_A_H_L,FH109V,1
7FAE-RBD-Fv_A_H_L,FH109W,1
7FAE-RBD-Fv_A_H_L,FH109Y,1
7FAE-RBD-Fv_A_H_L,FH29A,1
7FAE-RBD-Fv_A_H_L,FH29C,1
7FAE-RBD-Fv_A_H_L,FH29D,1
7FAE-RBD-Fv_A_H_L,FH29E,1
7FAE-RBD-Fv_A_H_L,FH29G,1
7FAE-RBD-Fv_A_H_L,FH29H,1
7FAE-RBD-Fv_A_H_L,FH29I,1
7FAE-RBD-Fv_A_H_L,FH29K,1
7FAE-RBD-Fv_A_H_L,FH29L,1
7FAE-RBD-Fv_A_H_L,FH29M,1
7FAE-RBD-Fv_A_H_L,FH29N,1
7FAE-RBD-Fv_A_H_L,FH29P,1
7FAE-RBD-Fv_A_H_L,FH29Q,1
7FAE-RBD-Fv_A_H_L,FH29R,1
7FAE-RBD-Fv_A_H_L,FH29S,1
7FAE-RBD-Fv_A_H_L,FH29T,1
7FAE-RBD-Fv_A_H_L,FH29V,1
7FAE-RBD-Fv_A_H_L,FH29W,1
7FAE-RBD-Fv_A_H_L,FH29Y,1
7FAE-RBD-Fv_A_H_L,GH100A,1
7FAE-RBD-Fv_A_H_L,GH100C,1
7FAE-RBD-Fv_A_H_L,GH100D,1
7FAE-RBD-Fv_A_H_L,GH100E,1
7FAE-RBD-Fv_A_H_L,GH100F,1
7FAE-RBD-Fv_A_H_L,GH100H,1
7FAE-RBD-Fv_A_H_L,GH100I,1
7FAE-RBD-Fv_A_H_L,GH100K,1
7FAE-RBD-Fv_A_H_L,GH100L,1
7FAE-RBD-Fv_A_H_L,GH100M,1
7FAE-RBD-Fv_A_H_L,GH100N,1
7FAE-RBD-Fv_A_H_L,GH100P,1
7FAE-RBD-Fv_A_H_L,GH100Q,1
7FAE-RBD-Fv_A_H_L,GH100R,1
7FAE-RBD-Fv_A_H_L,GH100S,1
7FAE-RBD-Fv_A_H_L,GH100T,1
7FAE-RBD-Fv_A_H_L,GH100V,1
7FAE-RBD-Fv_A_H_L,GH100W,1
7FAE-RBD-Fv_A_H_L,GH100Y,1
7FAE-RBD-Fv_A_H_L,GH101A,1
7FAE-RBD-Fv_A_H_L,GH101C,1
7FAE-RBD-Fv_A_H_L,GH101D,1
7FAE-RBD-Fv_A_H_L,GH101E,1
7FAE-RBD-Fv_A_H_L,GH101F,1
7FAE-RBD-Fv_A_H_L,GH101H,1
7FAE-RBD-Fv_A_H_L,GH101I,1
7FAE-RBD-Fv_A_H_L,GH101K,1
7FAE-RBD-Fv_A_H_L,GH101L,1
7FAE-RBD-Fv_A_H_L,GH101M,1
7FAE-RBD-Fv_A_H_L,GH101N,1
7FAE-RBD-Fv_A_H_L,GH101P,1
7FAE-RBD-Fv_A_H_L,GH101Q,1
7FAE-RBD-Fv_A_H_L,GH101R,1
7FAE-RBD-Fv_A_H_L,GH101S,1
7FAE-RBD-Fv_A_H_L,GH101T,1
7FAE-RBD-Fv_A_H_L,GH101V,1
7FAE-RBD-Fv_A_H_L,GH101W,1
7FAE-RBD-Fv_A_H_L,GH101Y,1
7FAE-RBD-Fv_A_H_L,GH26A,1
7FAE-RBD-Fv_A_H_L,GH26C,1
7FAE-RBD-Fv_A_H_L,GH26D,1
7FAE-RBD-Fv_A_H_L,GH26E,1
7FAE-RBD-Fv_A_H_L,GH26F,1
7FAE-RBD-Fv_A_H_L,GH26H,1
7FAE-RBD-Fv_A_H_L,GH26I,1
7FAE-RBD-Fv_A_H_L,GH26K,1
7FAE-RBD-Fv_A_H_L,GH26L,1
7FAE-RBD-Fv_A_H_L,GH26M,1
7FAE-RBD-Fv_A_H_L,GH26N,1
7FAE-RBD-Fv_A_H_L,GH26P,1
7FAE-RBD-Fv_A_H_L,GH26Q,1
7FAE-RBD-Fv_A_H_L,GH26R,1
7FAE-RBD-Fv_A_H_L,GH26S,1
7FAE-RBD-Fv_A_H_L,GH26T,1
7FAE-RBD-Fv_A_H_L,GH26V,1
7FAE-RBD-Fv_A_H_L,GH26W,1
7FAE-RBD-Fv_A_H_L,GH26Y,1
7FAE-RBD-Fv_A_H_L,GH54A,1
7FAE-RBD-Fv_A_H_L,GH54C,1
7FAE-RBD-Fv_A_H_L,GH54D,1
7FAE-RBD-Fv_A_H_L,GH54E,1
7FAE-RBD-Fv_A_H_L,GH54F,1
7FAE-RBD-Fv_A_H_L,GH54H,1
7FAE-RBD-Fv_A_H_L,GH54I,1
7FAE-RBD-Fv_A_H_L,GH54K,1
7FAE-RBD-Fv_A_H_L,GH54L,1
7FAE-RBD-Fv_A_H_L,GH54M,1
7FAE-RBD-Fv_A_H_L,GH54N,1
7FAE-RBD-Fv_A_H_L,GH54P,1
7FAE-RBD-Fv_A_H_L,GH54Q,1
7FAE-RBD-Fv_A_H_L,GH54R,1
7FAE-RBD-Fv_A_H_L,GH54S,1
7FAE-RBD-Fv_A_H_L,GH54T,1
7FAE-RBD-Fv_A_H_L,GH54V,1
7FAE-RBD-Fv_A_H_L,GH54W,1
7FAE-RBD-Fv_A_H_L,GH54Y,1
7FAE-RBD-Fv_A_H_L,GH56A,1
7FAE-RBD-Fv_A_H_L,GH56C,1
7FAE-RBD-Fv_A_H_L,GH56D,1
7FAE-RBD-Fv_A_H_L,GH56E,1
7FAE-RBD-Fv_A_H_L,GH56F,1
7FAE-RBD-Fv_A_H_L,GH56H,1
7FAE-RBD-Fv_A_H_L,GH56I,1
7FAE-RBD-Fv_A_H_L,GH56K,1
7FAE-RBD-Fv_A_H_L,GH56L,1
7FAE-RBD-Fv_A_H_L,GH56M,1
7FAE-RBD-Fv_A_H_L,GH56N,1
7FAE-RBD-Fv_A_H_L,GH56P,1
7FAE-RBD-Fv_A_H_L,GH56Q,1
7FAE-RBD-Fv_A_H_L,GH56R,1
7FAE-RBD-Fv_A_H_L,GH56S,1
7FAE-RBD-Fv_A_H_L,GH56T,1
7FAE-RBD-Fv_A_H_L,GH56V,1
7FAE-RBD-Fv_A_H_L,GH56W,1
7FAE-RBD-Fv_A_H_L,GH56Y,1
7FAE-RBD-Fv_A_H_L,GH99A,1
7FAE-RBD-Fv_A_H_L,GH99C,1
7FAE-RBD-Fv_A_H_L,GH99D,1
7FAE-RBD-Fv_A_H_L,GH99E,1
7FAE-RBD-Fv_A_H_L,GH99F,1
7FAE-RBD-Fv_A_H_L,GH99H,1
7FAE-RBD-Fv_A_H_L,GH99I,1
7FAE-RBD-Fv_A_H_L,GH99K,1
7FAE-RBD-Fv_A_H_L,GH99L,1
7FAE-RBD-Fv_A_H_L,GH99M,1
7FAE-RBD-Fv_A_H_L,GH99N,1
7FAE-RBD-Fv_A_H_L,GH99P,1
7FAE-RBD-Fv_A_H_L,GH99Q,1
7FAE-RBD-Fv_A_H_L,GH99R,1
7FAE-RBD-Fv_A_H_L,GH99S,1
7FAE-RBD-Fv_A_H_L,GH99T,1
7FAE-RBD-Fv_A_H_L,GH99V,1
7FAE-RBD-Fv_A_H_L,GH99W,1
7FAE-RBD-Fv_A_H_L,GH99Y,1
7FAE-RBD-Fv_A_H_L,LH104A,1
7FAE-RBD-Fv_A_H_L,LH104C,1
7FAE-RBD-Fv_A_H_L,LH104D,1
7FAE-RBD-Fv_A_H_L,LH104E,1
7FAE-RBD-Fv_A_H_L,LH104F,-1
7FAE-RBD-Fv_A_H_L,LH104G,1
7FAE-RBD-Fv_A_H_L,LH104H,1
7FAE-RBD-Fv_A_H_L,LH104I,1
7FAE-RBD-Fv_A_H_L,LH104K,1
7FAE-RBD-Fv_A_H_L,LH104M,1
7FAE-RBD-Fv_A_H_L,LH104N,1
7FAE-RBD-Fv_A_H_L,LH104P,1
7FAE-RBD-Fv_A_H_L,LH104Q,1
7FAE-RBD-Fv_A_H_L,LH104R,1
7FAE-RBD-Fv_A_H_L,LH104S,1
7FAE-RBD-Fv_A_H_L,LH104T,1
7FAE-RBD-Fv_A_H_L,LH104V,1
7FAE-RBD-Fv_A_H_L,LH104W,1
7FAE-RBD-Fv_A_H_L,LH104Y,1
7FAE-RBD-Fv_A_H_L,NH52A,1
7FAE-RBD-Fv_A_H_L,NH52C,1
7FAE-RBD-Fv_A_H_L,NH52D,1
7FAE-RBD-Fv_A_H_L,NH52E,1
7FAE-RBD-Fv_A_H_L,NH52F,1
7FAE-RBD-Fv_A_H_L,NH52G,1
7FAE-RBD-Fv_A_H_L,NH52H,1
7FAE-RBD-Fv_A_H_L,NH52I,1
7FAE-RBD-Fv_A_H_L,NH52K,1
7FAE-RBD-Fv_A_H_L,NH52L,1
7FAE-RBD-Fv_A_H_L,NH52M,1
7FAE-RBD-Fv_A_H_L,NH52P,1
7FAE-RBD-Fv_A_H_L,NH52Q,1
7FAE-RBD-Fv_A_H_L,NH52R,1
7FAE-RBD-Fv_A_H_L,NH52S,1
7FAE-RBD-Fv_A_H_L,NH52T,1
7FAE-RBD-Fv_A_H_L,NH52V,1
7FAE-RBD-Fv_A_H_L,NH52W,1
7FAE-RBD-Fv_A_H_L,NH52Y,1
7FAE-RBD-Fv_A_H_L,NH55A,1
7FAE-RBD-Fv_A_H_L,NH55C,1
7FAE-RBD-Fv_A_H_L,NH55D,1
7FAE-RBD-Fv_A_H_L,NH55E,1
7FAE-RBD-Fv_A_H_L,NH55F,1
7FAE-RBD-Fv_A_H_L,NH55G,1
7FAE-RBD-Fv_A_H_L,NH55H,1
7FAE-RBD-Fv_A_H_L,NH55I,1
7FAE-RBD-Fv_A_H_L,NH55K,1
7FAE-RBD-Fv_A_H_L,NH55L,1
7FAE-RBD-Fv_A_H_L,NH55M,1
7FAE-RBD-Fv_A_H_L,NH55P,1
7FAE-RBD-Fv_A_H_L,NH55Q,1
7FAE-RBD-Fv_A_H_L,NH55R,1
7FAE-RBD-Fv_A_H_L,NH55S,1
7FAE-RBD-Fv_A_H_L,NH55T,1
7FAE-RBD-Fv_A_H_L,NH55V,1
7FAE-RBD-Fv_A_H_L,NH55W,1
7FAE-RBD-Fv_A_H_L,NH55Y,1
7FAE-RBD-Fv_A_H_L,NH57A,1
7FAE-RBD-Fv_A_H_L,NH57C,1
7FAE-RBD-Fv_A_H_L,NH57D,1
7FAE-RBD-Fv_A_H_L,NH57E,1
7FAE-RBD-Fv_A_H_L,NH57F,1
7FAE-RBD-Fv_A_H_L,NH57G,1
7FAE-RBD-Fv_A_H_L,NH57H,1
7FAE-RBD-Fv_A_H_L,NH57I,1
7FAE-RBD-Fv_A_H_L,NH57K,1
7FAE-RBD-Fv_A_H_L,NH57L,-1
7FAE-RBD-Fv_A_H_L,NH57M,1
7FAE-RBD-Fv_A_H_L,NH57P,1
7FAE-RBD-Fv_A_H_L,NH57Q,1
7FAE-RBD-Fv_A_H_L,NH57R,1
7FAE-RBD-Fv_A_H_L,NH57S,1
7FAE-RBD-Fv_A_H_L,NH57T,1
7FAE-RBD-Fv_A_H_L,NH57V,1
7FAE-RBD-Fv_A_H_L,NH57W,1
7FAE-RBD-Fv_A_H_L,NH57Y,1
7FAE-RBD-Fv_A_H_L,QH105A,1
7FAE-RBD-Fv_A_H_L,QH105C,1
7FAE-RBD-Fv_A_H_L,QH105D,1
7FAE-RBD-Fv_A_H_L,QH105E,1
7FAE-RBD-Fv_A_H_L,QH105F,1
7FAE-RBD-Fv_A_H_L,QH105G,1
7FAE-RBD-Fv_A_H_L,QH105H,1
7FAE-RBD-Fv_A_H_L,QH105I,1
7FAE-RBD-Fv_A_H_L,QH105K,1
7FAE-RBD-Fv_A_H_L,QH105L,1
7FAE-RBD-Fv_A_H_L,QH105M,1
7FAE-RBD-Fv_A_H_L,QH105N,1
7FAE-RBD-Fv_A_H_L,QH105P,1
7FAE-RBD-Fv_A_H_L,QH105R,1
7FAE-RBD-Fv_A_H_L,QH105S,1
7FAE-RBD-Fv_A_H_L,QH105T,1
7FAE-RBD-Fv_A_H_L,QH105V,1
7FAE-RBD-Fv_A_H_L,QH105W,1
7FAE-RBD-Fv_A_H_L,QH105Y,1
7FAE-RBD-Fv_A_H_L,RH102A,1
7FAE-RBD-Fv_A_H_L,RH102C,1
7FAE-RBD-Fv_A_H_L,RH102D,1
7FAE-RBD-Fv_A_H_L,RH102E,1
7FAE-RBD-Fv_A_H_L,RH102F,1
7FAE-RBD-Fv_A_H_L,RH102G,1
7FAE-RBD-Fv_A_H_L,RH102H,1
7FAE-RBD-Fv_A_H_L,RH102I,1
7FAE-RBD-Fv_A_H_L,RH102K,1
7FAE-RBD-Fv_A_H_L,RH102L,1
7FAE-RBD-Fv_A_H_L,RH102M,1
7FAE-RBD-Fv_A_H_L,RH102N,1
7FAE-RBD-Fv_A_H_L,RH102P,1
7FAE-RBD-Fv_A_H_L,RH102Q,1
7FAE-RBD-Fv_A_H_L,RH102S,1
7FAE-RBD-Fv_A_H_L,RH102T,1
7FAE-RBD-Fv_A_H_L,RH102V,1
7FAE-RBD-Fv_A_H_L,RH102W,1
7FAE-RBD-Fv_A_H_L,RH102Y,1
7FAE-RBD-Fv_A_H_L,RH103A,1
7FAE-RBD-Fv_A_H_L,RH103C,1
7FAE-RBD-Fv_A_H_L,RH103D,1
7FAE-RBD-Fv_A_H_L,RH103E,1
7FAE-RBD-Fv_A_H_L,RH103F,1
7FAE-RBD-Fv_A_H_L,RH103G,1
7FAE-RBD-Fv_A_H_L,RH103H,1
7FAE-RBD-Fv_A_H_L,RH103I,1
7FAE-RBD-Fv_A_H_L,RH103K,1
7FAE-RBD-Fv_A_H_L,RH103L,1
7FAE-RBD-Fv_A_H_L,RH103M,-1
7FAE-RBD-Fv_A_H_L,RH103N,1
7FAE-RBD-Fv_A_H_L,RH103P,1
7FAE-RBD-Fv_A_H_L,RH103Q,1
7FAE-RBD-Fv_A_H_L,RH103S,1
7FAE-RBD-Fv_A_H_L,RH103T,1
7FAE-RBD-Fv_A_H_L,RH103V,1
7FAE-RBD-Fv_A_H_L,RH103W,1
7FAE-RBD-Fv_A_H_L,RH103Y,1
7FAE-RBD-Fv_A_H_L,TH28A,1
7FAE-RBD-Fv_A_H_L,TH28C,1
7FAE-RBD-Fv_A_H_L,TH28D,1
7FAE-RBD-Fv_A_H_L,TH28E,1
7FAE-RBD-Fv_A_H_L,TH28F,1
7FAE-RBD-Fv_A_H_L,TH28G,1
7FAE-RBD-Fv_A_H_L,TH28H,1
7FAE-RBD-Fv_A_H_L,TH28I,1
7FAE-RBD-Fv_A_H_L,TH28K,1
7FAE-RBD-Fv_A_H_L,TH28L,1
7FAE-RBD-Fv_A_H_L,TH28M,1
7FAE-RBD-Fv_A_H_L,TH28N,1
7FAE-RBD-Fv_A_H_L,TH28P,1
7FAE-RBD-Fv_A_H_L,TH28Q,1
7FAE-RBD-Fv_A_H_L,TH28R,1
7FAE-RBD-Fv_A_H_L,TH28S,1
7FAE-RBD-Fv_A_H_L,TH28V,1
7FAE-RBD-Fv_A_H_L,TH28W,1
7FAE-RBD-Fv_A_H_L,TH28Y,1
7FAE-RBD-Fv_A_H_L,TH30A,1
7FAE-RBD-Fv_A_H_L,TH30C,1
7FAE-RBD-Fv_A_H_L,TH30D,1
7FAE-RBD-Fv_A_H_L,TH30E,1
7FAE-RBD-Fv_A_H_L,TH30F,1
7FAE-RBD-Fv_A_H_L,TH30G,1
7FAE-RBD-Fv_A_H_L,TH30H,1
7FAE-RBD-Fv_A_H_L,TH30I,1
7FAE-RBD-Fv_A_H_L,TH30K,1
7FAE-RBD-Fv_A_H_L,TH30L,1
7FAE-RBD-Fv_A_H_L,TH30M,1
7FAE-RBD-Fv_A_H_L,TH30N,1
7FAE-RBD-Fv_A_H_L,TH30P,1
7FAE-RBD-Fv_A_H_L,TH30Q,1
7FAE-RBD-Fv_A_H_L,TH30R,1
7FAE-RBD-Fv_A_H_L,TH30S,1
7FAE-RBD-Fv_A_H_L,TH30V,1
7FAE-RBD-Fv_A_H_L,TH30W,1
7FAE-RBD-Fv_A_H_L,TH30Y,1
7FAE-RBD-Fv_A_H_L,TH31A,1
7FAE-RBD-Fv_A_H_L,TH31C,1
7FAE-RBD-Fv_A_H_L,TH31D,1
7FAE-RBD-Fv_A_H_L,TH31E,1
7FAE-RBD-Fv_A_H_L,TH31F,1
7FAE-RBD-Fv_A_H_L,TH31G,1
7FAE-RBD-Fv_A_H_L,TH31H,1
7FAE-RBD-Fv_A_H_L,TH31I,1
7FAE-RBD-Fv_A_H_L,TH31K,1
7FAE-RBD-Fv_A_H_L,TH31L,1
7FAE-RBD-Fv_A_H_L,TH31M,1
7FAE-RBD-Fv_A_H_L,TH31N,1
7FAE-RBD-Fv_A_H_L,TH31P,1
7FAE-RBD-Fv_A_H_L,TH31Q,1
7FAE-RBD-Fv_A_H_L,TH31R,1
7FAE-RBD-Fv_A_H_L,TH31S,1
7FAE-RBD-Fv_A_H_L,TH31V,1
7FAE-RBD-Fv_A_H_L,TH31W,-1
7FAE-RBD-Fv_A_H_L,TH31Y,1
7FAE-RBD-Fv_A_H_L,YH108A,1
7FAE-RBD-Fv_A_H_L,YH108C,1
7FAE-RBD-Fv_A_H_L,YH108D,1
7FAE-RBD-Fv_A_H_L,YH108E,1
7FAE-RBD-Fv_A_H_L,YH108F,1
7FAE-RBD-Fv_A_H_L,YH108G,1
7FAE-RBD-Fv_A_H_L,YH108H,1
7FAE-RBD-Fv_A_H_L,YH108I,1
7FAE-RBD-Fv_A_H_L,YH108K,1
7FAE-RBD-Fv_A_H_L,YH108L,1
7FAE-RBD-Fv_A_H_L,YH108M,1
7FAE-RBD-Fv_A_H_L,YH108N,1
7FAE-RBD-Fv_A_H_L,YH108P,1
7FAE-RBD-Fv_A_H_L,YH108Q,1
7FAE-RBD-Fv_A_H_L,YH108R,1
7FAE-RBD-Fv_A_H_L,YH108S,1
7FAE-RBD-Fv_A_H_L,YH108T,1
7FAE-RBD-Fv_A_H_L,YH108V,1
7FAE-RBD-Fv_A_H_L,YH108W,1
7FAE-RBD-Fv_A_H_L,YH111A,1
7FAE-RBD-Fv_A_H_L,YH111C,1
7FAE-RBD-Fv_A_H_L,YH111D,1
7FAE-RBD-Fv_A_H_L,YH111E,1
7FAE-RBD-Fv_A_H_L,YH111F,1
7FAE-RBD-Fv_A_H_L,YH111G,1
7FAE-RBD-Fv_A_H_L,YH111H,1
7FAE-RBD-Fv_A_H_L,YH111I,1
7FAE-RBD-Fv_A_H_L,YH111K,1
7FAE-RBD-Fv_A_H_L,YH111L,1
7FAE-RBD-Fv_A_H_L,YH111M,1
7FAE-RBD-Fv_A_H_L,YH111N,1
7FAE-RBD-Fv_A_H_L,YH111P,1
7FAE-RBD-Fv_A_H_L,YH111Q,1
7FAE-RBD-Fv_A_H_L,YH111R,1
7FAE-RBD-Fv_A_H_L,YH111S,1
7FAE-RBD-Fv_A_H_L,YH111T,1
7FAE-RBD-Fv_A_H_L,YH111V,1
7FAE-RBD-Fv_A_H_L,YH111W,1
7FAE-RBD-Fv_A_H_L,YH27A,1
7FAE-RBD-Fv_A_H_L,YH27C,1
7FAE-RBD-Fv_A_H_L,YH27D,1
7FAE-RBD-Fv_A_H_L,YH27E,1
7FAE-RBD-Fv_A_H_L,YH27F,1
7FAE-RBD-Fv_A_H_L,YH27G,1
7FAE-RBD-Fv_A_H_L,YH27H,1
7FAE-RBD-Fv_A_H_L,YH27I,1
7FAE-RBD-Fv_A_H_L,YH27K,1
7FAE-RBD-Fv_A_H_L,YH27L,1
7FAE-RBD-Fv_A_H_L,YH27M,1
7FAE-RBD-Fv_A_H_L,YH27N,1
7FAE-RBD-Fv_A_H_L,YH27P,1
7FAE-RBD-Fv_A_H_L,YH27Q,1
7FAE-RBD-Fv_A_H_L,YH27R,1
7FAE-RBD-Fv_A_H_L,YH27S,1
7FAE-RBD-Fv_A_H_L,YH27T,1
7FAE-RBD-Fv_A_H_L,YH27V,1
7FAE-RBD-Fv_A_H_L,YH27W,1
7FAE-RBD-Fv_A_H_L,YH32A,1
7FAE-RBD-Fv_A_H_L,YH32C,1
7FAE-RBD-Fv_A_H_L,YH32D,1
7FAE-RBD-Fv_A_H_L,YH32E,1
7FAE-RBD-Fv_A_H_L,YH32F,1
7FAE-RBD-Fv_A_H_L,YH32G,1
7FAE-RBD-Fv_A_H_L,YH32H,1
7FAE-RBD-Fv_A_H_L,YH32I,1
7FAE-RBD-Fv_A_H_L,YH32K,1
7FAE-RBD-Fv_A_H_L,YH32L,1
7FAE-RBD-Fv_A_H_L,YH32M,1
7FAE-RBD-Fv_A_H_L,YH32N,1
7FAE-RBD-Fv_A_H_L,YH32P,1
7FAE-RBD-Fv_A_H_L,YH32Q,1
7FAE-RBD-Fv_A_H_L,YH32R,1
7FAE-RBD-Fv_A_H_L,YH32S,1
7FAE-RBD-Fv_A_H_L,YH32T,1
7FAE-RBD-Fv_A_H_L,YH32V,1
7FAE-RBD-Fv_A_H_L,YH32W,1
